method,dataset,avg test acc,avg test mcc,avg test ll,std error test ll,avg valid acc,avg valid mcc,avg valid ll,std error valid ll,avg acc,avg mcc,avg std error ll
LSTM,stocknet,52.52150537634408,0.058792228525372595,5.549377291159207,0.7441501037312706,55.06066536203523,0.06713278142622335,4.728463693034078,0.7006860680604465,53.79108536918966,0.06296250497579797,0.7224180858958585
ALSTM,stocknet,53.994623655913976,0.08488247468136646,4.703746237318505,0.29034233484579214,52.93933463796478,0.052741969795452516,4.028703746695665,0.3602438452299246,53.46697914693938,0.06881222223840949,0.32529309003785833
Adv-ALSTM,stocknet,57.096774193548384,0.1419514928082203,3.914455242342412,0.12745619305288483,55.09980430528376,0.12065951818087835,3.046172121205206,0.25117193074972194,56.09828924941607,0.13130550549454933,0.1893140619013034
LSTM,kdd17,51.100297377669634,0.006669142264234196,4.589125728993234,0.4759407582537501,51.43494423791821,0.04047832990395293,4.090532228382776,0.5656250508530005,51.26762080779392,0.02357373608409356,0.5207829045533753
ALSTM,kdd17,51.719383617193834,0.016695511968812117,3.8463115963775287,0.30069928024524095,51.177199504337054,0.036503113769134204,3.487542619820193,0.2406035886133419,51.44829156076544,0.02659931286897316,0.2706514344292914
Adv-ALSTM,kdd17,52.662881859962155,0.042246352506761495,5.084916152661984,0.06979642612782469,51.51672862453531,0.03723892476536593,4.928262688833847,0.10472057327573797,52.08980524224873,0.03974263863606371,0.08725849970178133
