method,dataset,acc,mcc
LSTM,stocknet,53.38709677,0.070488571
ALSTM,stocknet,55.29569892,0.107241023
Adv-ALSTM,stocknet,57.39247312,0.147153905
LSTM,kdd17,50.45958367,-0.002364788
ALSTM,kdd17,51.878886185455535,0.012118636310180196
Adv-ALSTM,kdd17,53.33874020005407,0.05566295142385108
