method,dataset,avg test acc,avg test mcc,avg test ll,std error test ll,avg valid acc,avg valid mcc,avg valid ll,std error valid ll,avg acc,avg mcc,avg std error ll
LSTM,stocknet,53.20430107526881,0.07514213136683515,5.341588197378188,0.3316708571037549,54.528375733855185,0.07829048424194203,4.181681838824629,0.19994027382733257,53.866338404562,0.0767163078043886,0.26580556546554374
ALSTM,stocknet,54.43548387096774,0.09099140740802007,4.421890977512069,0.20587896521735422,52.82191780821919,0.06985186160614058,3.375117015219876,0.25560488652636837,53.62870083959346,0.08042163450708033,0.2307419258718613
Adv-ALSTM,stocknet,57.14516129032259,0.1455243580470195,4.181067711829746,0.2915875787667171,55.18590998043054,0.11487463200835302,3.3091196977342987,0.3761767309990091,56.165535635376564,0.13019949502768624,0.3338821548828631
LSTM,kdd17,51.351716680183834,0.013300087518209802,4.377923465984905,0.33608840818707025,51.45972738537795,0.039994771074459666,3.906225357885519,0.39754875112387367,51.40572203278089,0.026647429296334735,0.36681857965547193
ALSTM,kdd17,51.42741281427412,0.014991170431858231,4.610361235402896,0.5002293051483597,51.3184634448575,0.036070160090593946,4.240361511428181,0.5162497389188673,51.37293812956581,0.02553066526122609,0.5082395220336136
Adv-ALSTM,kdd17,53.03325223033253,0.048951537146028144,5.029236438335862,0.20330217621938995,51.54399008674101,0.038196960968787816,5.006543110969696,0.2624532456098891,52.28862115853677,0.04357424905740798,0.23287771091463952
