method,dataset,avg total val predicted return,avg total tes predicted return,avg val predicted return,avg tes predicted return,avg val sharpe ratio,avg tes sharpe ratio
Adv-ALSTM,stocknet,4.821653080554643,3.5492698929021147,0.0018871440628393907,0.0009541048099199232,0.08237618973915276,0.0486028810001417
Adv-ALSTM,kdd17,1.7613994166808573,3.4667045574793347,0.00021826510739539746,0.00046860023756141336,0.011138987659541499,0.023499678890617152
