method,dataset,avg total val predicted return,avg total tes predicted return,avg val predicted return,avg tes predicted return,avg val sharpe ratio,avg tes sharpe ratio
Adv-ALSTM,stocknet,25828.131845600008,9609.962091800002,10.108857865205481,2.5833231429569894,0.030212329945807997,0.008567664804759791
Adv-ALSTM,kdd17,523.0711531999998,742.7180802000013,0.06481674760842625,0.1003944417680456,0.02217508773387723,0.032753148511467274
