method,dataset,avg total val predicted return,avg total tes predicted return,avg val predicted return,avg tes predicted return,avg val sharpe ratio,avg tes sharpe ratio
Adv-ALSTM,stocknet,4.821653080554643,9.998787659757854,0.0018871440628393907,0.002687846145096197,0.08237618973915276,0.13732608880732344
Adv-ALSTM,kdd17,1.7613994166808573,7.102053827191275,0.00021826510739539746,0.000959996462177788,0.011138987659541499,0.04825724734359318
